Row Type,Action,Keyword status,Campaign,Ad group,Keyword,Type,Final URL
Keyword,Add,Enabled,Bangalore_Search_Leads_Queen_Safety,Core_Safety_Nets,safety net service bangalore,Exact match,https://Queen_Safetysafetynets.co.in/
Keyword,Add,Enabled,Bangalore_Search_Leads_Queen_Safety,Core_Safety_Nets,safety net company bangalore,Phrase match,https://Queen_Safetysafetynets.co.in/
Keyword,Add,Enabled,Bangalore_Search_Leads_Queen_Safety,Core_Safety_Nets,safety net installation near me,Exact match,https://Queen_Safetysafetynets.co.in/
Keyword,Add,Enabled,Bangalore_Search_Leads_Queen_Safety,Balcony_Child_Safety,child safety net installation bangalore,Exact match,https://Queen_Safetysafetynets.co.in/
Keyword,Add,Enabled,Bangalore_Search_Leads_Queen_Safety,Balcony_Child_Safety,balcony protection net bangalore,Phrase match,https://Queen_Safetysafetynets.co.in/
Keyword,Add,Enabled,Bangalore_Search_Leads_Queen_Safety,Balcony_Child_Safety,balcony net service near me,Phrase match,https://Queen_Safetysafetynets.co.in/
Keyword,Add,Enabled,Bangalore_Search_Leads_Queen_Safety,Bird_Pigeon_Nets,pigeon safety net service bangalore,Exact match,https://Queen_Safetysafetynets.co.in/
Keyword,Add,Enabled,Bangalore_Search_Leads_Queen_Safety,Bird_Pigeon_Nets,anti pigeon net installation near me,Phrase match,https://Queen_Safetysafetynets.co.in/
Keyword,Add,Enabled,Bangalore_Search_Leads_Queen_Safety,Bird_Pigeon_Nets,terrace pigeon net bangalore,Phrase match,https://Queen_Safetysafetynets.co.in/
Keyword,Add,Enabled,Bangalore_Search_Leads_Queen_Safety,Urgent_NearMe,pigeon net service near me,Exact match,https://Queen_Safetysafetynets.co.in/
Keyword,Add,Enabled,Bangalore_Search_Leads_Queen_Safety,Urgent_NearMe,same day pigeon net installation,Phrase match,https://Queen_Safetysafetynets.co.in/
Keyword,Add,Enabled,Bangalore_Search_Leads_Queen_Safety,Sports_Nets,cricket net installation near me,Phrase match,https://Queen_Safetysafetynets.co.in/
